{
    "belloc": {
        "inviscid": {
            "Cx": {
                "total": 0.024040448774120378
            },
            "Cy": {
                "total": -1.685258505620432e-17
            },
            "Cz": {
                "total": -0.3836194432787141
            },
            "Cl": {
                "total": -3.9122072451902884e-17
            },
            "Cm": {
                "total": 0.017885064888750458
            },
            "Cn": {
                "total": -1.542312471661556e-17
            },
            "CL": {
                "total": 0.3842549186480576
            },
            "CD": {
                "total": 0.00948566990287453
            },
            "CS": {
                "total": -1.685258505620432e-17
            },
            "Cl_w": {
                "total": 4.21314626405108e-17
            },
            "Cm_w": {
                "total": 0.017885064888750458
            },
            "Cn_w": {
                "total": 1.1661386980855668e-17
            },
            "Fx": {
                "total": 10.135991709221694
            },
            "Fy": {
                "total": -7.105427357601002e-15
            },
            "Fz": {
                "total": -161.74255036183536
            },
            "Mx": {
                "total": -5.773159728050814e-15
            },
            "My": {
                "total": 2.639260393892746
            },
            "Mz": {
                "total": -2.275957200481571e-15
            },
            "FL": {
                "total": 162.01048101219885
            },
            "FD": {
                "total": 3.9993709100577277
            },
            "FS": {
                "total": -7.105427357601002e-15
            },
            "Mx_w": {
                "total": 6.217248937900877e-15
            },
            "My_w": {
                "total": 2.639260393892746
            },
            "Mz_w": {
                "total": 1.7208456881689926e-15
            }
        },
        "viscous": {
            "Cx": {
                "total": -0.011259531588427161
            },
            "Cy": {
                "total": 1.3166082075159625e-19
            },
            "Cz": {
                "total": -0.0007669441281281427
            },
            "Cl": {
                "total": -1.8808688678799465e-19
            },
            "Cm": {
                "total": 0.029667718258231245
            },
            "Cn": {
                "total": -3.0093901886079143e-18
            },
            "CL": {
                "total": -0.0002173071644062364
            },
            "CD": {
                "total": 0.01128352925652063
            },
            "CS": {
                "total": 1.3166082075159625e-19
            },
            "Cl_w": {
                "total": 4.702172169699866e-19
            },
            "Cm_w": {
                "total": 0.029667718258231245
            },
            "Cn_w": {
                "total": 3.0093901886079143e-18
            },
            "Fx": {
                "total": -4.747270731188473
            },
            "Fy": {
                "total": 5.551115123125783e-17
            },
            "Fz": {
                "total": -0.3233608239672951
            },
            "Mx": {
                "total": -2.7755575615628914e-17
            },
            "My": {
                "total": 4.378001101095748
            },
            "Mz": {
                "total": -4.440892098500626e-16
            },
            "FL": {
                "total": -0.09162156819415199
            },
            "FD": {
                "total": 4.757388685604445
            },
            "FS": {
                "total": 5.551115123125783e-17
            },
            "Mx_w": {
                "total": 6.938893903907228e-17
            },
            "My_w": {
                "total": 4.378001101095748
            },
            "Mz_w": {
                "total": 4.440892098500626e-16
            }
        },
        "total": {
            "Cx": 0.012780917185693217,
            "Cy": -1.6720924235452725e-17,
            "Cz": -0.3843863874068423,
            "Cl": -3.9310159338690884e-17,
            "Cm": 0.047552783146981706,
            "Cn": -1.8432514905223476e-17,
            "CD": 0.020769199159395162,
            "CS": -1.6720924235452725e-17,
            "CL": 0.3840376114836514,
            "Cl_w": 4.260167985748079e-17,
            "Cm_w": 0.047552783146981706,
            "Cn_w": 1.467077716946358e-17,
            "Fx": 5.388720978033221,
            "Fy": -7.049916206369744e-15,
            "Fz": -162.06591118580266,
            "Mx": -5.800915303666443e-15,
            "My": 7.017261494988494,
            "Mz": -2.7200464103316335e-15,
            "FD": 8.756759595662173,
            "FS": -7.049916206369744e-15,
            "FL": 161.9188594440047,
            "Mx_w": 6.286637876939949e-15,
            "My_w": 7.017261494988494,
            "Mz_w": 2.1649348980190553e-15
        }
    }
}